,ExpermientName,Subject,Session,StartTime,CurrentTime,Step,Block,Scenario,TimeInCondition,Cue,Startle,Shock,FearRating,CueStart,CueEnd,InstructionScreenNum,HabituationNumShockType,VAS_score,VAS_type,VAS_RT,ExperimentName,ShockType
0,,,1,1779537239.697122,25.97,Instructions,,,,,,,,,,7,,,,,Fort,Sound
0,,,1,1779537239.697122,26.02,Instructions,,,,,,,,,,7,,,,,Fort,Sound
0,,,1,1779537239.697122,26.07,Instructions,,,,,,,,,,7,,,,,Fort,Sound
0,,,1,1779537239.697122,26.13,Instructions,,,,,,,,,,7,,,,,Fort,Sound
0,,,1,1779537239.697122,26.18,Instructions,,,,,,,,,,7,,,,,Fort,Sound
0,,,1,1779537239.697122,26.23,Instructions,,,,,,,,,,7,,,,,Fort,Sound
0,,,1,1779537239.697122,26.28,Instructions,,,,,,,,,,7,,,,,Fort,Sound
0,,,1,1779537239.697122,26.33,Instructions,,,,,,,,,,7,,,,,Fort,Sound
0,,,1,1779537239.697122,26.38,Instructions,,,,,,,,,,7,,,,,Fort,Sound
0,,,1,1779537239.697122,26.44,Instructions,,,,,,,,,,7,,,,,Fort,Sound
0,,,1,1779537239.697122,26.49,Instructions,,,,,,,,,,7,,,,,Fort,Sound
0,,,1,1779537239.697122,26.54,Instructions,,,,,,,,,,7,,,,,Fort,Sound
0,,,1,1779537239.697122,26.59,Instructions,,,,,,,,,,7,,,,,Fort,Sound
0,,,1,1779537239.697122,26.64,Instructions,,,,,,,,,,7,,,,,Fort,Sound
0,,,1,1779537239.697122,26.7,Instructions,,,,,,,,,,7,,,,,Fort,Sound
0,,,1,1779537239.697122,26.75,Instructions,,,,,,,,,,7,,,,,Fort,Sound
0,,,1,1779537239.697122,26.8,Instructions,,,,,,,,,,7,,,,,Fort,Sound
0,,,1,1779537239.697122,26.85,Instructions,,,,,,,,,,7,,,,,Fort,Sound
0,,,1,1779537239.697122,26.9,Instructions,,,,,,,,,,7,,,,,Fort,Sound
0,,,1,1779537239.697122,27.01,Instructions,,,,,,,,,,8,,,,,Fort,Sound
0,,,1,1779537239.697122,27.06,Instructions,,,,,,,,,,8,,,,,Fort,Sound
0,,,1,1779537239.697122,27.12,Instructions,,,,,,,,,,8,,,,,Fort,Sound
0,,,1,1779537239.697122,27.17,Instructions,,,,,,,,,,8,,,,,Fort,Sound
0,,,1,1779537239.697122,27.22,Instructions,,,,,,,,,,8,,,,,Fort,Sound
0,,,1,1779537239.697122,27.27,Instructions,,,,,,,,,,8,,,,,Fort,Sound
0,,,1,1779537239.697122,27.32,Instructions,,,,,,,,,,8,,,,,Fort,Sound
0,,,1,1779537239.697122,27.37,Instructions,,,,,,,,,,8,,,,,Fort,Sound
0,,,1,1779537239.697122,27.42,Instructions,,,,,,,,,,8,,,,,Fort,Sound
0,,,1,1779537239.697122,27.48,Instructions,,,,,,,,,,8,,,,,Fort,Sound
0,,,1,1779537239.697122,27.53,Instructions,,,,,,,,,,8,,,,,Fort,Sound
0,,,1,1779537239.697122,27.58,Instructions,,,,,,,,,,8,,,,,Fort,Sound
0,,,1,1779537239.697122,27.63,Instructions,,,,,,,,,,8,,,,,Fort,Sound
0,,,1,1779537239.697122,27.68,Instructions,,,,,,,,,,8,,,,,Fort,Sound
0,,,1,1779537239.697122,27.73,Instructions,,,,,,,,,,8,,,,,Fort,Sound
0,,,1,1779537239.697122,27.83,Instructions,,,,,,,,,,9,,,,,Fort,Sound
0,,,1,1779537239.697122,27.89,Instructions,,,,,,,,,,9,,,,,Fort,Sound
0,,,1,1779537239.697122,27.94,Instructions,,,,,,,,,,9,,,,,Fort,Sound
0,,,1,1779537239.697122,27.99,Instructions,,,,,,,,,,9,,,,,Fort,Sound
0,,,1,1779537239.697122,28.04,Instructions,,,,,,,,,,9,,,,,Fort,Sound
0,,,1,1779537239.697122,28.09,Instructions,,,,,,,,,,9,,,,,Fort,Sound
0,,,1,1779537239.697122,28.14,Instructions,,,,,,,,,,9,,,,,Fort,Sound
0,,,1,1779537239.697122,28.19,Instructions,,,,,,,,,,9,,,,,Fort,Sound
0,,,1,1779537239.697122,28.24,Instructions,,,,,,,,,,9,,,,,Fort,Sound
0,,,1,1779537239.697122,28.3,Instructions,,,,,,,,,,9,,,,,Fort,Sound
0,,,1,1779537239.697122,28.39,Instructions,,,,,,,,,,10,,,,,Fort,Sound
0,,,1,1779537239.697122,28.44,Instructions,,,,,,,,,,10,,,,,Fort,Sound
0,,,1,1779537239.697122,28.5,Instructions,,,,,,,,,,10,,,,,Fort,Sound
0,,,1,1779537239.697122,28.55,Instructions,,,,,,,,,,10,,,,,Fort,Sound
0,,,1,1779537239.697122,28.6,Instructions,,,,,,,,,,10,,,,,Fort,Sound
0,,,1,1779537239.697122,28.65,Instructions,,,,,,,,,,10,,,,,Fort,Sound
0,,,1,1779537239.697122,28.7,Instructions,,,,,,,,,,10,,,,,Fort,Sound
0,,,1,1779537239.697122,28.75,Instructions,,,,,,,,,,10,,,,,Fort,Sound
0,,,1,1779537239.697122,28.8,Instructions,,,,,,,,,,10,,,,,Fort,Sound
0,,,1,1779537239.697122,28.86,Instructions,,,,,,,,,,10,,,,,Fort,Sound
0,,,1,1779537239.697122,28.91,Instructions,,,,,,,,,,10,,,,,Fort,Sound
0,,,1,1779537239.697122,28.96,Instructions,,,,,,,,,,10,,,,,Fort,Sound
0,,,1,1779537239.697122,29.07,Instructions,,,,,,,,,,11,,,,,Fort,Sound
0,,,1,1779537239.697122,29.12,Instructions,,,,,,,,,,11,,,,,Fort,Sound
0,,,1,1779537239.697122,29.17,Instructions,,,,,,,,,,11,,,,,Fort,Sound
0,,,1,1779537239.697122,29.22,Instructions,,,,,,,,,,11,,,,,Fort,Sound
0,,,1,1779537239.697122,29.27,Instructions,,,,,,,,,,11,,,,,Fort,Sound
0,,,1,1779537239.697122,29.37,Instructions,,,,,,,,,,12,,,,,Fort,Sound
0,,,1,1779537239.697122,29.42,Instructions,,,,,,,,,,12,,,,,Fort,Sound
0,,,1,1779537239.697122,29.47,Instructions,,,,,,,,,,12,,,,,Fort,Sound
0,,,1,1779537239.697122,29.52,Instructions,,,,,,,,,,12,,,,,Fort,Sound
0,,,1,1779537239.697122,29.57,Instructions,,,,,,,,,,12,,,,,Fort,Sound
0,,,1,1779537239.697122,29.62,Instructions,,,,,,,,,,12,,,,,Fort,Sound
0,,,1,1779537239.697122,29.68,Instructions,,,,,,,,,,12,,,,,Fort,Sound
0,,,1,1779537239.697122,29.73,Instructions,,,,,,,,,,12,,,,,Fort,Sound
0,,,1,1779537239.697122,29.78,Instructions,,,,,,,,,,12,,,,,Fort,Sound
0,,,1,1779537239.697122,29.83,Instructions,,,,,,,,,,12,,,,,Fort,Sound
0,,,1,1779537239.697122,29.88,Instructions,,,,,,,,,,12,,,,,Fort,Sound
0,,,1,1779537239.697122,29.93,Instructions,,,,,,,,,,12,,,,,Fort,Sound
0,,,1,1779537239.697122,29.98,Instructions,,,,,,,,,,12,,,,,Fort,Sound
0,,,1,1779537239.697122,30.03,Instructions,,,,,,,,,,12,,,,,Fort,Sound
0,,,1,1779537239.697122,30.09,Instructions,,,,,,,,,,12,,,,,Fort,Sound
0,,,1,1779537239.697122,30.14,Instructions,,,,,,,,,,12,,,,,Fort,Sound
0,,,1,1779537239.697122,30.19,Instructions,,,,,,,,,,12,,,,,Fort,Sound
0,,,1,1779537239.697122,30.24,Instructions,,,,,,,,,,12,,,,,Fort,Sound
0,,,1,1779537239.697122,30.29,Instructions,,,,,,,,,,12,,,,,Fort,Sound
0,,,1,1779537239.697122,30.34,Instructions,,,,,,,,,,12,,,,,Fort,Sound
0,,,1,1779537239.697122,30.39,Instructions,,,,,,,,,,12,,,,,Fort,Sound
0,,,1,1779537239.697122,30.44,Instructions,,,,,,,,,,12,,,,,Fort,Sound
0,,,1,1779537239.697122,30.5,Instructions,,,,,,,,,,12,,,,,Fort,Sound
0,,,1,1779537239.697122,30.55,Instructions,,,,,,,,,,12,,,,,Fort,Sound
0,,,1,1779537239.697122,30.6,Instructions,,,,,,,,,,12,,,,,Fort,Sound
0,,,1,1779537239.697122,30.65,Instructions,,,,,,,,,,12,,,,,Fort,Sound
0,,,1,1779537239.697122,30.7,Instructions,,,,,,,,,,12,,,,,Fort,Sound
0,,,1,1779537239.697122,30.75,Instructions,,,,,,,,,,12,,,,,Fort,Sound
0,,,1,1779537239.697122,30.81,Instructions,,,,,,,,,,12,,,,,Fort,Sound
0,,,1,1779537239.697122,30.86,Instructions,,,,,,,,,,12,,,,,Fort,Sound
0,,,1,1779537239.697122,30.91,Instructions,,,,,,,,,,12,,,,,Fort,Sound
0,,,1,1779537239.697122,30.96,Instructions,,,,,,,,,,12,,,,,Fort,Sound
0,,,1,1779537239.697122,31.01,Instructions,,,,,,,,,,12,,,,,Fort,Sound
0,,,1,1779537239.697122,31.06,Instructions,,,,,,,,,,12,,,,,Fort,Sound
0,,,1,1779537239.697122,31.11,Instructions,,,,,,,,,,12,,,,,Fort,Sound
0,,,1,1779537239.697122,31.16,Instructions,,,,,,,,,,12,,,,,Fort,Sound
0,,,1,1779537239.697122,31.21,Instructions,,,,,,,,,,12,,,,,Fort,Sound
0,,,1,1779537239.697122,31.27,Instructions,,,,,,,,,,12,,,,,Fort,Sound
0,,,1,1779537239.697122,31.32,Instructions,,,,,,,,,,12,,,,,Fort,Sound
0,,,1,1779537239.697122,31.37,Instructions,,,,,,,,,,12,,,,,Fort,Sound
0,,,1,1779537239.697122,31.42,Instructions,,,,,,,,,,12,,,,,Fort,Sound
0,,,1,1779537239.697122,31.47,Instructions,,,,,,,,,,12,,,,,Fort,Sound
0,,,1,1779537239.697122,31.52,Instructions,,,,,,,,,,12,,,,,Fort,Sound
0,,,1,1779537239.697122,31.57,Instructions,,,,,,,,,,12,,,,,Fort,Sound
0,,,1,1779537239.697122,31.63,Instructions,,,,,,,,,,12,,,,,Fort,Sound
0,,,1,1779537239.697122,31.68,Instructions,,,,,,,,,,12,,,,,Fort,Sound
0,,,1,1779537239.697122,31.73,Instructions,,,,,,,,,,12,,,,,Fort,Sound
0,,,1,1779537239.697122,31.78,Instructions,,,,,,,,,,12,,,,,Fort,Sound
0,,,1,1779537239.697122,31.83,Instructions,,,,,,,,,,12,,,,,Fort,Sound
0,,,1,1779537239.697122,31.88,Instructions,,,,,,,,,,12,,,,,Fort,Sound
0,,,1,1779537239.697122,31.93,Instructions,,,,,,,,,,12,,,,,Fort,Sound
0,,,1,1779537239.697122,31.99,Instructions,,,,,,,,,,12,,,,,Fort,Sound
0,,,1,1779537239.697122,32.04,Instructions,,,,,,,,,,12,,,,,Fort,Sound
0,,,1,1779537239.697122,32.09,Instructions,,,,,,,,,,12,,,,,Fort,Sound
0,,,1,1779537239.697122,32.14,Instructions,,,,,,,,,,12,,,,,Fort,Sound
0,,,1,1779537239.697122,32.19,Instructions,,,,,,,,,,12,,,,,Fort,Sound
0,,,1,1779537239.697122,32.24,Instructions,,,,,,,,,,12,,,,,Fort,Sound
0,,,1,1779537239.697122,32.3,Instructions,,,,,,,,,,12,,,,,Fort,Sound
0,,,1,1779537239.697122,32.35,Instructions,,,,,,,,,,12,,,,,Fort,Sound
0,,,1,1779537239.697122,32.4,Instructions,,,,,,,,,,12,,,,,Fort,Sound
0,,,1,1779537239.697122,32.45,Instructions,,,,,,,,,,12,,,,,Fort,Sound
0,,,1,1779537239.697122,32.51,Instructions,,,,,,,,,,12,,,,,Fort,Sound
0,,,1,1779537239.697122,32.59,Instructions,,,,,,,,,,12,,,,,Fort,Sound
0,,,1,1779537239.697122,32.64,Instructions,,,,,,,,,,12,,,,,Fort,Sound
0,,,1,1779537239.697122,32.69,Instructions,,,,,,,,,,12,,,,,Fort,Sound
0,,,1,1779537239.697122,32.74,Instructions,,,,,,,,,,12,,,,,Fort,Sound
0,,,1,1779537239.697122,32.8,Instructions,,,,,,,,,,12,,,,,Fort,Sound
0,,,1,1779537239.697122,32.85,Instructions,,,,,,,,,,12,,,,,Fort,Sound
0,,,1,1779537239.697122,32.9,Instructions,,,,,,,,,,12,,,,,Fort,Sound
0,,,1,1779537239.697122,32.95,Instructions,,,,,,,,,,12,,,,,Fort,Sound
0,,,1,1779537239.697122,33.01,Instructions,,,,,,,,,,12,,,,,Fort,Sound
0,,,1,1779537239.697122,33.06,Instructions,,,,,,,,,,12,,,,,Fort,Sound
0,,,1,1779537239.697122,33.11,Instructions,,,,,,,,,,12,,,,,Fort,Sound
0,,,1,1779537239.697122,33.16,Instructions,,,,,,,,,,12,,,,,Fort,Sound
0,,,1,1779537239.697122,33.21,Instructions,,,,,,,,,,12,,,,,Fort,Sound
0,,,1,1779537239.697122,33.27,Instructions,,,,,,,,,,12,,,,,Fort,Sound
0,,,1,1779537239.697122,33.32,Instructions,,,,,,,,,,12,,,,,Fort,Sound
0,,,1,1779537239.697122,33.37,Instructions,,,,,,,,,,12,,,,,Fort,Sound
0,,,1,1779537239.697122,33.42,Instructions,,,,,,,,,,12,,,,,Fort,Sound
0,,,1,1779537239.697122,33.47,Instructions,,,,,,,,,,12,,,,,Fort,Sound
0,,,1,1779537239.697122,33.53,Instructions,,,,,,,,,,12,,,,,Fort,Sound
0,,,1,1779537239.697122,33.58,Instructions,,,,,,,,,,12,,,,,Fort,Sound
0,,,1,1779537239.697122,33.63,Instructions,,,,,,,,,,12,,,,,Fort,Sound
0,,,1,1779537239.697122,33.68,Instructions,,,,,,,,,,12,,,,,Fort,Sound
0,,,1,1779537239.697122,33.73,Instructions,,,,,,,,,,12,,,,,Fort,Sound
0,,,1,1779537239.697122,33.78,Instructions,,,,,,,,,,12,,,,,Fort,Sound
0,,,1,1779537239.697122,33.83,Instructions,,,,,,,,,,12,,,,,Fort,Sound
0,,,1,1779537239.697122,33.88,Instructions,,,,,,,,,,12,,,,,Fort,Sound
0,,,1,1779537239.697122,33.94,Instructions,,,,,,,,,,12,,,,,Fort,Sound
0,,,1,1779537239.697122,33.99,Instructions,,,,,,,,,,12,,,,,Fort,Sound
0,,,1,1779537239.697122,34.04,Instructions,,,,,,,,,,12,,,,,Fort,Sound
0,,,1,1779537239.697122,34.09,Instructions,,,,,,,,,,12,,,,,Fort,Sound
0,,,1,1779537239.697122,34.14,Instructions,,,,,,,,,,12,,,,,Fort,Sound
0,,,1,1779537239.697122,34.19,Instructions,,,,,,,,,,12,,,,,Fort,Sound
0,,,1,1779537239.697122,34.24,Instructions,,,,,,,,,,12,,,,,Fort,Sound
0,,,1,1779537239.697122,34.29,Instructions,,,,,,,,,,12,,,,,Fort,Sound
0,,,1,1779537239.697122,34.35,Instructions,,,,,,,,,,12,,,,,Fort,Sound
0,,,1,1779537239.697122,34.4,Instructions,,,,,,,,,,12,,,,,Fort,Sound
0,,,1,1779537239.697122,34.45,Instructions,,,,,,,,,,12,,,,,Fort,Sound
0,,,1,1779537239.697122,34.5,Instructions,,,,,,,,,,12,,,,,Fort,Sound
0,,,1,1779537239.697122,34.55,Instructions,,,,,,,,,,12,,,,,Fort,Sound
0,,,1,1779537239.697122,34.6,Instructions,,,,,,,,,,12,,,,,Fort,Sound
0,,,1,1779537239.697122,34.65,Instructions,,,,,,,,,,12,,,,,Fort,Sound
0,,,1,1779537239.697122,34.7,Instructions,,,,,,,,,,12,,,,,Fort,Sound
0,,,1,1779537239.697122,34.76,Instructions,,,,,,,,,,12,,,,,Fort,Sound
0,,,1,1779537239.697122,34.81,Instructions,,,,,,,,,,12,,,,,Fort,Sound
0,,,1,1779537239.697122,34.86,Instructions,,,,,,,,,,12,,,,,Fort,Sound
0,,,1,1779537239.697122,34.91,Instructions,,,,,,,,,,12,,,,,Fort,Sound
0,,,1,1779537239.697122,34.96,Instructions,,,,,,,,,,12,,,,,Fort,Sound
0,,,1,1779537239.697122,35.01,Instructions,,,,,,,,,,12,,,,,Fort,Sound
0,,,1,1779537239.697122,35.06,Instructions,,,,,,,,,,12,,,,,Fort,Sound
0,,,1,1779537239.697122,35.11,Instructions,,,,,,,,,,12,,,,,Fort,Sound
0,,,1,1779537239.697122,35.17,Instructions,,,,,,,,,,12,,,,,Fort,Sound
0,,,1,1779537239.697122,35.22,Instructions,,,,,,,,,,12,,,,,Fort,Sound
0,,,1,1779537239.697122,35.27,Instructions,,,,,,,,,,12,,,,,Fort,Sound
0,,,1,1779537239.697122,35.32,Instructions,,,,,,,,,,12,,,,,Fort,Sound
0,,,1,1779537239.697122,35.37,Instructions,,,,,,,,,,12,,,,,Fort,Sound
0,,,1,1779537239.697122,35.42,Instructions,,,,,,,,,,12,,,,,Fort,Sound
0,,,1,1779537239.697122,35.48,Instructions,,,,,,,,,,12,,,,,Fort,Sound
0,,,1,1779537239.697122,35.53,Instructions,,,,,,,,,,12,,,,,Fort,Sound
0,,,1,1779537239.697122,35.58,Instructions,,,,,,,,,,12,,,,,Fort,Sound
0,,,1,1779537239.697122,35.63,Instructions,,,,,,,,,,12,,,,,Fort,Sound
0,,,1,1779537239.697122,35.68,Instructions,,,,,,,,,,12,,,,,Fort,Sound
0,,,1,1779537239.697122,35.73,Instructions,,,,,,,,,,12,,,,,Fort,Sound
0,,,1,1779537239.697122,35.78,Instructions,,,,,,,,,,12,,,,,Fort,Sound
0,,,1,1779537239.697122,35.84,Instructions,,,,,,,,,,12,,,,,Fort,Sound
0,,,1,1779537239.697122,35.89,Instructions,,,,,,,,,,12,,,,,Fort,Sound
0,,,1,1779537239.697122,35.94,Instructions,,,,,,,,,,12,,,,,Fort,Sound
0,,,1,1779537239.697122,35.99,Instructions,,,,,,,,,,12,,,,,Fort,Sound
0,,,1,1779537239.697122,36.04,Instructions,,,,,,,,,,12,,,,,Fort,Sound
0,,,1,1779537239.697122,36.09,Instructions,,,,,,,,,,12,,,,,Fort,Sound
0,,,1,1779537239.697122,36.15,Instructions,,,,,,,,,,12,,,,,Fort,Sound
0,,,1,1779537239.697122,36.2,Instructions,,,,,,,,,,12,,,,,Fort,Sound
0,,,1,1779537239.697122,36.25,Instructions,,,,,,,,,,12,,,,,Fort,Sound
0,,,1,1779537239.697122,36.3,Instructions,,,,,,,,,,12,,,,,Fort,Sound
0,,,1,1779537239.697122,36.35,Instructions,,,,,,,,,,12,,,,,Fort,Sound
0,,,1,1779537239.697122,36.4,Instructions,,,,,,,,,,12,,,,,Fort,Sound
0,,,1,1779537239.697122,36.45,Instructions,,,,,,,,,,12,,,,,Fort,Sound
0,,,1,1779537239.697122,36.51,Instructions,,,,,,,,,,12,,,,,Fort,Sound
0,,,1,1779537239.697122,36.56,Instructions,,,,,,,,,,12,,,,,Fort,Sound
0,,,1,1779537239.697122,36.61,Instructions,,,,,,,,,,12,,,,,Fort,Sound
0,,,1,1779537239.697122,36.66,Instructions,,,,,,,,,,12,,,,,Fort,Sound
0,,,1,1779537239.697122,36.71,Instructions,,,,,,,,,,12,,,,,Fort,Sound
0,,,1,1779537239.697122,36.76,Instructions,,,,,,,,,,12,,,,,Fort,Sound
0,,,1,1779537239.697122,36.81,Instructions,,,,,,,,,,12,,,,,Fort,Sound
0,,,1,1779537239.697122,36.87,Instructions,,,,,,,,,,12,,,,,Fort,Sound
0,,,1,1779537239.697122,36.92,Instructions,,,,,,,,,,12,,,,,Fort,Sound
0,,,1,1779537239.697122,36.97,Instructions,,,,,,,,,,12,,,,,Fort,Sound
0,,,1,1779537239.697122,37.02,Instructions,,,,,,,,,,12,,,,,Fort,Sound
0,,,1,1779537239.697122,37.07,Instructions,,,,,,,,,,12,,,,,Fort,Sound
0,,,1,1779537239.697122,37.12,Instructions,,,,,,,,,,12,,,,,Fort,Sound
0,,,1,1779537239.697122,37.17,Instructions,,,,,,,,,,12,,,,,Fort,Sound
0,,,1,1779537239.697122,37.22,Instructions,,,,,,,,,,12,,,,,Fort,Sound
0,,,1,1779537239.697122,37.28,Instructions,,,,,,,,,,12,,,,,Fort,Sound
0,,,1,1779537239.697122,37.33,Instructions,,,,,,,,,,12,,,,,Fort,Sound
0,,,1,1779537239.697122,37.38,Instructions,,,,,,,,,,12,,,,,Fort,Sound
0,,,1,1779537239.697122,37.43,Instructions,,,,,,,,,,12,,,,,Fort,Sound
0,,,1,1779537239.697122,37.48,Instructions,,,,,,,,,,12,,,,,Fort,Sound
0,,,1,1779537239.697122,37.54,Instructions,,,,,,,,,,12,,,,,Fort,Sound
0,,,1,1779537239.697122,37.59,Instructions,,,,,,,,,,12,,,,,Fort,Sound
0,,,1,1779537239.697122,37.64,Instructions,,,,,,,,,,12,,,,,Fort,Sound
0,,,1,1779537239.697122,37.69,Instructions,,,,,,,,,,12,,,,,Fort,Sound
0,,,1,1779537239.697122,37.74,Instructions,,,,,,,,,,12,,,,,Fort,Sound
0,,,1,1779537239.697122,37.79,Instructions,,,,,,,,,,12,,,,,Fort,Sound
0,,,1,1779537239.697122,37.85,Instructions,,,,,,,,,,12,,,,,Fort,Sound
0,,,1,1779537239.697122,37.9,Instructions,,,,,,,,,,12,,,,,Fort,Sound
0,,,1,1779537239.697122,37.95,Instructions,,,,,,,,,,12,,,,,Fort,Sound
0,,,1,1779537239.697122,38.0,Instructions,,,,,,,,,,12,,,,,Fort,Sound
0,,,1,1779537239.697122,38.05,Instructions,,,,,,,,,,12,,,,,Fort,Sound
0,,,1,1779537239.697122,38.1,Instructions,,,,,,,,,,12,,,,,Fort,Sound
0,,,1,1779537239.697122,38.15,Instructions,,,,,,,,,,12,,,,,Fort,Sound
0,,,1,1779537239.697122,38.2,Instructions,,,,,,,,,,12,,,,,Fort,Sound
0,,,1,1779537239.697122,38.26,Instructions,,,,,,,,,,12,,,,,Fort,Sound
0,,,1,1779537239.697122,38.31,Instructions,,,,,,,,,,12,,,,,Fort,Sound
0,,,1,1779537239.697122,38.36,Instructions,,,,,,,,,,12,,,,,Fort,Sound
0,,,1,1779537239.697122,38.41,Instructions,,,,,,,,,,12,,,,,Fort,Sound
0,,,1,1779537239.697122,38.46,Instructions,,,,,,,,,,12,,,,,Fort,Sound
0,,,1,1779537239.697122,38.51,Instructions,,,,,,,,,,12,,,,,Fort,Sound
0,,,1,1779537239.697122,38.56,Instructions,,,,,,,,,,12,,,,,Fort,Sound
0,,,1,1779537239.697122,38.61,Instructions,,,,,,,,,,12,,,,,Fort,Sound
0,,,1,1779537239.697122,38.67,Instructions,,,,,,,,,,12,,,,,Fort,Sound
0,,,1,1779537239.697122,38.72,Instructions,,,,,,,,,,12,,,,,Fort,Sound
0,,,1,1779537239.697122,38.77,Instructions,,,,,,,,,,12,,,,,Fort,Sound
0,,,1,1779537239.697122,38.82,Instructions,,,,,,,,,,12,,,,,Fort,Sound
0,,,1,1779537239.697122,38.87,Instructions,,,,,,,,,,12,,,,,Fort,Sound
0,,,1,1779537239.697122,38.92,Instructions,,,,,,,,,,12,,,,,Fort,Sound
0,,,1,1779537239.697122,38.97,Instructions,,,,,,,,,,12,,,,,Fort,Sound
0,,,1,1779537239.697122,39.02,Instructions,,,,,,,,,,12,,,,,Fort,Sound
0,,,1,1779537239.697122,39.08,Instructions,,,,,,,,,,12,,,,,Fort,Sound
0,,,1,1779537239.697122,39.13,Instructions,,,,,,,,,,12,,,,,Fort,Sound
0,,,1,1779537239.697122,39.18,Instructions,,,,,,,,,,12,,,,,Fort,Sound
0,,,1,1779537239.697122,39.23,Instructions,,,,,,,,,,12,,,,,Fort,Sound
0,,,1,1779537239.697122,39.28,Instructions,,,,,,,,,,12,,,,,Fort,Sound
0,,,1,1779537239.697122,39.33,Instructions,,,,,,,,,,12,,,,,Fort,Sound
0,,,1,1779537239.697122,39.38,Instructions,,,,,,,,,,12,,,,,Fort,Sound
0,,,1,1779537239.697122,39.43,Instructions,,,,,,,,,,12,,,,,Fort,Sound
0,,,1,1779537239.697122,39.49,Instructions,,,,,,,,,,12,,,,,Fort,Sound
0,,,1,1779537239.697122,39.54,Instructions,,,,,,,,,,12,,,,,Fort,Sound
0,,,1,1779537239.697122,39.59,Instructions,,,,,,,,,,12,,,,,Fort,Sound
0,,,1,1779537239.697122,39.64,Instructions,,,,,,,,,,12,,,,,Fort,Sound
0,,,1,1779537239.697122,39.69,Instructions,,,,,,,,,,12,,,,,Fort,Sound
0,,,1,1779537239.697122,39.74,Instructions,,,,,,,,,,12,,,,,Fort,Sound
0,,,1,1779537239.697122,39.79,Instructions,,,,,,,,,,12,,,,,Fort,Sound
0,,,1,1779537239.697122,39.84,Instructions,,,,,,,,,,12,,,,,Fort,Sound
0,,,1,1779537239.697122,39.9,Instructions,,,,,,,,,,12,,,,,Fort,Sound
0,,,1,1779537239.697122,39.95,Instructions,,,,,,,,,,12,,,,,Fort,Sound
0,,,1,1779537239.697122,40.0,Instructions,,,,,,,,,,12,,,,,Fort,Sound
0,,,1,1779537239.697122,40.05,Instructions,,,,,,,,,,12,,,,,Fort,Sound
0,,,1,1779537239.697122,40.1,Instructions,,,,,,,,,,12,,,,,Fort,Sound
0,,,1,1779537239.697122,40.15,Instructions,,,,,,,,,,12,,,,,Fort,Sound
0,,,1,1779537239.697122,40.2,Instructions,,,,,,,,,,12,,,,,Fort,Sound
0,,,1,1779537239.697122,40.25,Instructions,,,,,,,,,,12,,,,,Fort,Sound
0,,,1,1779537239.697122,40.31,Instructions,,,,,,,,,,12,,,,,Fort,Sound
0,,,1,1779537239.697122,40.36,Instructions,,,,,,,,,,12,,,,,Fort,Sound
0,,,1,1779537239.697122,40.41,Instructions,,,,,,,,,,12,,,,,Fort,Sound
0,,,1,1779537239.697122,40.46,Instructions,,,,,,,,,,12,,,,,Fort,Sound
0,,,1,1779537239.697122,40.51,Instructions,,,,,,,,,,12,,,,,Fort,Sound
0,,,1,1779537239.697122,40.56,Instructions,,,,,,,,,,12,,,,,Fort,Sound
0,,,1,1779537239.697122,40.61,Instructions,,,,,,,,,,12,,,,,Fort,Sound
0,,,1,1779537239.697122,40.66,Instructions,,,,,,,,,,12,,,,,Fort,Sound
0,,,1,1779537239.697122,40.72,Instructions,,,,,,,,,,12,,,,,Fort,Sound
0,,,1,1779537239.697122,40.77,Instructions,,,,,,,,,,12,,,,,Fort,Sound
0,,,1,1779537239.697122,40.82,Instructions,,,,,,,,,,12,,,,,Fort,Sound
0,,,1,1779537239.697122,40.87,Instructions,,,,,,,,,,12,,,,,Fort,Sound
0,,,1,1779537239.697122,40.92,Instructions,,,,,,,,,,12,,,,,Fort,Sound
0,,,1,1779537239.697122,40.97,Instructions,,,,,,,,,,12,,,,,Fort,Sound
0,,,1,1779537239.697122,41.02,Instructions,,,,,,,,,,12,,,,,Fort,Sound
0,,,1,1779537239.697122,41.07,Instructions,,,,,,,,,,12,,,,,Fort,Sound
0,,,1,1779537239.697122,41.13,Instructions,,,,,,,,,,12,,,,,Fort,Sound
0,,,1,1779537239.697122,41.18,Instructions,,,,,,,,,,12,,,,,Fort,Sound
0,,,1,1779537239.697122,41.23,Instructions,,,,,,,,,,12,,,,,Fort,Sound
0,,,1,1779537239.697122,41.28,Instructions,,,,,,,,,,12,,,,,Fort,Sound
0,,,1,1779537239.697122,41.33,Instructions,,,,,,,,,,12,,,,,Fort,Sound
0,,,1,1779537239.697122,41.38,Instructions,,,,,,,,,,12,,,,,Fort,Sound
0,,,1,1779537239.697122,41.44,Instructions,,,,,,,,,,12,,,,,Fort,Sound
0,,,1,1779537239.697122,41.49,Instructions,,,,,,,,,,12,,,,,Fort,Sound
0,,,1,1779537239.697122,41.54,Instructions,,,,,,,,,,12,,,,,Fort,Sound
0,,,1,1779537239.697122,41.59,Instructions,,,,,,,,,,12,,,,,Fort,Sound
0,,,1,1779537239.697122,41.64,Instructions,,,,,,,,,,12,,,,,Fort,Sound
0,,,1,1779537239.697122,41.69,Instructions,,,,,,,,,,12,,,,,Fort,Sound
0,,,1,1779537239.697122,41.74,Instructions,,,,,,,,,,12,,,,,Fort,Sound
0,,,1,1779537239.697122,41.8,Instructions,,,,,,,,,,12,,,,,Fort,Sound
0,,,1,1779537239.697122,41.85,Instructions,,,,,,,,,,12,,,,,Fort,Sound
0,,,1,1779537239.697122,41.9,Instructions,,,,,,,,,,12,,,,,Fort,Sound
0,,,1,1779537239.697122,41.95,Instructions,,,,,,,,,,12,,,,,Fort,Sound
0,,,1,1779537239.697122,42.0,Instructions,,,,,,,,,,12,,,,,Fort,Sound
0,,,1,1779537239.697122,42.05,Instructions,,,,,,,,,,12,,,,,Fort,Sound
0,,,1,1779537239.697122,42.1,Instructions,,,,,,,,,,12,,,,,Fort,Sound
0,,,1,1779537239.697122,42.15,Instructions,,,,,,,,,,12,,,,,Fort,Sound
0,,,1,1779537239.697122,42.33,Instructions,,,,,,,,,,12,,,,,Fort,Sound
